title,company_name,location,pay,job_type,description
Summer Student - Legal,Voya Financial,Remote,$32 por hora,Full-time,"Together we fight for everyone’s opportunity for a better financial future.
We will do this together — with customers, partners and colleagues. We will fight for others, not against: We will stand up for and champion everyone’s access to opportunities. The status quo is not good enough … we believe every individual and every community deserves access to financial opportunities. We are determined to support both individuals and communities in reaching a better financial future. We know that reaching this future depends on our actions today.
Like our Purpose Statement, Voya believes in being bold and committed to action. We are committed to a work environment where the differences that we are born with — and those we acquire throughout our lives — are understood, valued and intentionally pursued. We believe that our employees own our culture and have a responsibility to foster an environment where we all feel comfortable bringing our whole selves to work. Purposefully bringing our differences together to positively influence our culture, serve our clients and enrich our communities is essential to our vision.
Are you ready to join a company with a strong purpose and a winning culture? Start your Voyage – Apply Now
Getting To Know the Opportunity:
The summer student will be exposed to a variety of areas, with primary focus on investment advisory contracts, regulatory filings, corporate governance and general support of the attorneys on the Legal team. Please Note: Work location for this role is FLEXIBLE! This position allows 100% remote work from home or allows work to be performed in any of our major office locations with a hybrid schedule.
The Contributions You'll Make:
Assist in reviewing and drafting regulatory filings, research, and drafting of legal memoranda.
Draft materials related to Board and Committee meetings, including memoranda, resolutions, and minutes.
Review and draft contracts related to Voya IM’s investment advisory activities .
Perform legal research and analysis.
Conduct legal research.
Other duties as assigned.
Preferred Knowledge & Experience:
Must currently be attending law school, pursuing a JD.
Interest in investments, securities law and related regulation is helpful.
Must be familiar with document review techniques including analysis of contract terms, and Microsoft Office.
Effective problem-solving skills.
Strong interpersonal skills and ability to work as a team member.
Exceptional verbal and written communication skills.
#LI-MN1
#LI-Remote
Compensation Pay Disclosure:
Voya is committed to pay that’s fair and equitable, which means comparable pay for comparable roles and responsibilities.
The below annual base salary range reflects the expected hiring range(s) for this position in the location(s) listed. In addition to base salary, Voya offers incentive opportunities (i.e., annual cash incentives, sales incentives, and/or long-term incentives) based on the role to reward the achievement of annual performance objectives. Please note that this salary information is solely for candidates hired to perform work within one of these locations, and refers to the amount Voya Financial is willing to pay at the time of this posting.
Actual compensation offered may vary from the posted salary range based upon the candidate’s geographic location, work experience, education, licensure requirements and/or skill level and will be finalized at the time of offer. Salaries for part-time roles will be prorated based upon the agreed upon number of hours to be regularly worked.
$23.00/hr
Be Well. Stay Well.
Voya provides the resources that can make a difference in your lives. To us, this means thriving physically, financially, socially and emotionally. Voya benefits are designed to help you do just that. That’s why we offer an array of plans, programs, tools and resources with one goal in mind: To help you and your family be well and stay well.
What We Offer
Health, dental, vision and life insurance plans
401(k) Savings plan – with generous company matching contributions (up to 6%)
Voya Retirement Plan – employer paid cash balance retirement plan (4%)
Tuition reimbursement up to $5,250/year
Paid time off – including 20 days paid time off, nine paid company holidays and a flexible Diversity Celebration Day.
Paid volunteer time — 40 hours per calendar year

Critical Skills
At Voya, we have identified the following critical skills which are key to success in our culture:
Customer Focused: Passionate drive to delight our customers and offer unique solutions that deliver on their expectations.
Critical Thinking: Thoughtful process of analyzing data and problem solving data to reach a well-reasoned solution.
Team Mentality: Partnering effectively to drive our culture and execute on our common goals.
Business Acumen: Appreciation and understanding of the financial services industry in order to make sound business decisions.
Learning Agility: Openness to new ways of thinking and acquiring new skills to retain a competitive advantage.

Equal Employment Opportunity
Voya Financial is an equal-opportunity employer. Voya Financial provides equal opportunity to qualified individuals regardless of race, color, sex, national origin, citizenship status, religion, age, disability, veteran status, creed, marital status, sexual orientation, gender identity, genetic information, or any other status protected by state or local law.
Reasonable Accommodations
Voya is committed to the inclusion of all qualified individuals. As part of this commitment, Voya will ensure that persons with disabilities are provided reasonable accommodations. If reasonable accommodation is needed to participate in the job application or interview process, to perform essential job functions, and/or to receive other benefits and privileges of employment, please reference
resources for applicants with disabilities
."
"Summer Associate, Legal",Red Bull,"Santa Monica, CA","$78,000 por año",Internship,"Company Description
Red Bull ‘Gives Wings to People and Ideas’ and, this summer, our legal department is looking to give wings to your legal career! Are you ready to dive into a fast-paced legal world? From sales to cyberspace, marketing to moonshots, join us as a Summer Associate and be part of the pulse of Red Bull's transactional and litigation team. You will report to the Senior Legal Counsel and be located in Santa Monica, California.
Job Description
WHAT YOU’LL CONQUER
Learn the art of drafting and negotiation with hands-on mentorship.
Gain insider knowledge on the legal intricacies of a global powerhouse brand that’s all about pushing boundaries.
Conduct legal research and handle administrative tasks to help fuel departmental efficiency business strategy
Immerse yourself in our unique culture and collaborate with go-getters like yourself – teamwork makes the dream work!
And yes, you’ll enjoy a steady stream of Red Bull to fuel your success.
Qualifications
Must have a bachelor's degree and currently be enrolled as a 1L or 2L at any ABA accredited law school—just make sure you’re ready to live it up in LA for the summer (note: you will need to find your own nest in LA—we don’t provide travel/housing accommodations).
You have a bachelor’s degree to boot.
You have analytical and drafting skills.
You excel in the fast lane and can juggle tasks effectively.
You are proficient in Word and PowerPoint (or are ready to learn).
You are a collaborator who plays well with others and likes to have fun along the way.
Must be fluent in English, additional language skills an advantage
Additional Information
The salary for this position is $78,000
Our current Benefits include:
Comprehensive Medical, Dental and Vision Plans, 401k Match, Family Leave, PTO & Paid Holiday Schedule, Pet, Legal, and Life Insurance, Tuition Reimbursement
(Benefits listed may vary depending on the nature of your employment or work location)
Red Bull North America, Inc. is an Equal Opportunity Employer, and all qualified applicants will receive consideration for employment without regard to race, color, religion, sex, national origin, disability, veteran status, age, or any other classification protected by Federal, state, or local law. We will consider for employment all qualified Applicants, including those with Criminal Histories, in a manner consistent with the requirements of applicable state and local laws, including the City of Los Angeles’ Fair Chance Initiative for Hiring Ordinance."
"Lawyers Network, Summer 2024 Summer Legal Associate",Center for Reproductive Rights,"Washington, DC","$7,000 por mes",Seasonal,"Job Title: Lawyers Network 2024 Summer Legal Associate
Department: U.S. Programs, Lawyers Network
Center Background: The Center for Reproductive Rights (the Center) is a global human rights organization working to ensure that reproductive rights are protected in law as fundamental human rights around the world. With offices in New York City, New York; Nairobi, Kenya; Bogota, Colombia; Geneva, Switzerland; and Washington, D.C., the Center is a non-profit, non-partisan organization changing law and policy throughout Africa, Asia, Europe, Latin America and the Caribbean, and the United States. Our 230+ diverse professionals are committed to advancing the Center's human rights mission through game-changing litigation, legal policy, and advocacy work. This has powered the Center's exceptional growth to an operating budget of over $50 million and won the respect of law firms in countries around the world, with an additional $29 million annually of donated legal services, representing the work of countless lawyers from more than 46 countries.

The Center's Strategic Plan sets a high mark for impact: By 2030, half of the world's population will be living under stronger protections for reproductive rights than they are today. The Center has a track record of success to back up this ambitious goal. Since our founding in 1992, the Center has transformed how reproductive rights are understood and applied by courts, governments, and human rights bodies worldwide on issues including maternal health, abortion, assisted reproduction, and adolescent sexual and reproductive health and rights (SRHR). We have won groundbreaking cases before national courts, U.N. Committees, and regional human rights bodies. Additionally, the Center has led the development of historic, proactive legislation advancing robust protections for reproductive rights and has built the legal capacity of women's rights advocates in more than 65 countries and counting.

The Role: The Lawyers Network builds knowledge and support for an array of reproductive rights in collaboration with bar associations and other legal communities at the national, state and local level we work to build knowledge about reproductive rights through programming; opportunities for action through advocacy and movement campaigns; as well as cultivate new allies in support of reproductive rights. With our members we work to defend and protect the reproductive autonomy that lie at the heart of the promise of human dignity, self-determination, and equality embodied in the U.S. Constitution.
The Lawyers Network team is looking for an enthusiastic, resourceful, and highly organized legal intern with a commitment to reproductive rights and reproductive justice issues to engage in a variety of projects related to our work. The internship will provide the successful candidate with experience in the day-to-day operations of an exciting initiative within a dynamic public interest law organization, including legal and factual research and writing.
The Summer Legal Associate position is full-time for up to 10 weeks. It will be hybrid (3 days in-office, 2 days working from home) in a Center office, with a preference for DC, although NYC placement may be possible.Covid-19 Vaccination is required for all U.S.-based employees of the Center.
Summer Legal Associates are highly encouraged to seek outside funding for their placement. The Center will supplement external funding to bring all Associates to our pay rate of $7,000 for the ten week program.

Primary Responsibilities:
The scope of the role will include, but is not limited to:
Conducting legal, factual, and other research and analysis in connection with active and potential U.S.-focused and global initiatives;
Drafting legal education and advocacy materials in collaboration with members of the Lawyers Network team; and
Drafting, researching and reviewing bar association resolutions, reports, and other publications.
Qualifications:
Completed at least one year of law school by the start of internship in June 2024;
Strong legal research and writing skills; and
Demonstrated interest in public interest, human rights, gender justice, reproductive rights, and/or reproductive justice.
Don't meet every single requirement? At the Center, we are dedicated to building a diverse, inclusive, and authentic workplace, so if you are excited about this role but your past experience does not align perfectly with every qualification in the job description, we encourage you to apply anyway. You may be just the right candidate for this or other roles.

Behavioral Competencies:
Develop & Manage Self & Others: Takes ownership of individual growth in order to achieve full potential; recognizes the value of team members and helps them develop their full potential while also achieving set objectives.
Collaboration (People First): Works intra- and/or cross-departmentally to support the goals and overarching strategies of the Center and its strategic plan.
Feedback (Improve & Innovate): Actively engaged in feedback cycles: Gives and requests feedback to and from peers, supervisors and direct reports about work products, behaviors, values, style, and approaches with a view on how this impacts self, other individuals, and teams.
Accountability: Follow-through on each commitment made to individual contributors, teams and partners and proactively informs others of any delays that occur along the way.


Work Competencies:
Project Management: Works effectively on project teams in order to achieve long-term project goal and objectives.
Problem Solve & Make Decisions: Identifies, analyzes and resolves existing and anticipated problems, using common sense to make timely decisions in order to reach the best solutions for the organization.
Internal/External Focus: Anticipates internal and external partner's needs; assesses requirements and identifies new solutions that align with overall goals and objectives of the organization.
Communication & Influence: Communicates with and influences others to gain agreement and commitment to the strategic goals of the organization.


Compensation: Summer Legal Associates are highly encouraged to seek outside funding for their placement. The Center will supplement external funding to bring all Associates to our pay rate of $7,000 for the ten week program.
Duration of Position: This is a full-time position during the summer for 10 weeks from June 2024-August 2024.
Commitment to Diversity, Equity, and Inclusion

The Center is committed to inclusive hiring and dedicated to diversity in our work and staff. We strongly encourage people from all communities to apply. If you are excited about this role and unsure about whether your past experience aligns with the job description, we encourage you to apply anyway. You may be the right candidate for this or other roles.

Our hiring processes and our work culture offer support and flexibility for staff with a variety of needs. Should you face an accessibility barrier in the application and interview process please let us know by contacting talent@reprorights.org. We will work with you to provide the accommodation that works best for you.

To learn more about the Center's commitment to Diversity, Equity, and Inclusion (DEI), please visit Diversity, Equity and Inclusion | Center for Reproductive Rights

Learn more about the Center for Reproductive Rights, go to www.reproductiverights.org
How to Apply: Please complete the application below to apply. A cover letter and resume must be included in your application.
Please note that all genuine Center openings must be applied through the Center website. The Center does not charge a fee at any stage in the recruitment process (application, interviews, or selection). Nor does it request any medical examinations or bank account information as part of this process. If someone contacts, you on behalf of the Center requesting payment for your application please notify talent@reprorights.org before taking any further action.
Our hiring processes and our work culture offer support and flexibility for staff with a variety of needs. Should you face an accessibility barrier in the application and interview process please let us know by contacting talent@reprorights.org. We will work with you to provide the accommodation that works best for you.

Deadline for applications: Applications will be reviewed on a rolling basis until the position is filled. Applicants are strongly encouraged to apply as soon as possible.

Center policy on visa sponsorship for US based positions: Applicants for employment in the US must have valid work authorization that does not now and/or will not in the future require sponsorship of a visa for employment authorization in the US by The Center for Reproductive Rights.
#LI-Hybrid"
Legal and Compliance Officer (NY Remote),Prelim,"New York, NY","$110,000 - $130,000 por año",Full-time,"About Prelim
Prelim is a fast-growing, San Francisco based startup with team members working remotely throughout the country that's transforming how banks onboard customers. If you're excited to shape the future of banking, we encourage you to apply. We seek driven, ambitious people excited to make an impact through innovation.

Why we're looking for you
With enormous growth and sales consistently beating quotas, we need our first Legal and Compliance Officer to help build and scale all aspects of the legal and compliance function. Our product is at the intersection of banking and finance and this role will help advise our internal teams and customers on risk management as well as legal and regulatory requirements.

What you'll do
No two days will be the same. You'll work on project teams, directly engage with financial institutions to understand needs, answer questions, and advise on product development. As an early member of the the team, you'll also help design and write policies and procedure to make our sales, product, and implementation team even more successful.

You will be required to be an expert in regulations and laws impacting community, regional and national banks and financial institutions.

Who you'll work with
You'll work hand-in-hand with our various teams across departments with teammates who are customer-focused and love collaborating to shape the future of banking. If you share our passion for innovation through technology, we can't wait to hear from you!
In this role you'll
Establish policies and procedures to meet regulatory requirements
Discuss with various stakeholders how our product solves for their needs and provide recommendations
Master how to use our internal tools to be able to deploy out-of-the-box as well as tailored solutions
Collaborate with customers, understand their problems, and advise customers on how to successfully implement our product from a compliance view
Participate in weekly calls with product, design, engineering, and customer success teams to provide legal/compliance updates, answer questions, and ask questions to help our team continue to build and deliver on our mission to help financial institutions
The skillset you bring
J.D. Degree
Experience working with large enterprise or institutional customers
Strong knowledge of how financial products and services work
Ability to think on your feet, and solve problems during calls with stakeholders
Enjoy writing, researching, and advising teams
$110,000 - $130,000 a year"
eDiscovery Document Review Attorney,Proteus Discovery Group,Remote,$25 por hora,Contract,"Proteus Discovery Group, LLC operates large-scale eDiscovery document review projects across various types of matters including litigation, investigations and initiatives for a wide range of local, regional, and national clients. To assist with this innovative work, Proteus is pursuing organized, detail-oriented, proactive, experienced, and outgoing team members to work closely with our company’s Project Managers and Litigation Counsel.
This is a contract position with opportunity for growth based on performance, making it well-suited for a range of practitioners, including recent law school graduates, as well as seasoned attorneys seeking to gain hands-on experience in a rapidly developing practice area.
At a minimum, candidates must have obtained a Juris Doctor (JD) degree from an accredited U.S. law school, hold an active license to practice in at least one U.S. jurisdiction, said license must be in good standing, and candidates must be authorized to work in the U.S. without a sponsor visa. Prior eDiscovery document review experience strongly preferred.
Position Responsibilities:
Analyze and subjectively review documents for substance, privilege, and sensitive information
Develop thorough understanding of factual and legal issues pertinent to project
Frequently communicate with Project Managers, document review team members, and Litigation Counsel
Pay Rate: $25/hour."
"Transcriptionist, Legal",Esquire Deposition Solutions Llc,"1500 Centre Parkway, Atlanta, GA 30344",$22 - $25 por hora,Full-time,"PURPOSE OF THE POSITION:
Esquire, a national provider of court reporting services and technology, is committed to hiring the most qualified professional transcriptionists to service client demands, and to fill that need Esquire is seeking experienced legal transcriptionists. This fully remote position requires an experienced legal transcriptionist to deliver the accurate transcripts our clients demand.
The Esquire experienced legal transcriptionist (LT) will transcribe recorded legal proceedings in compliance with deposition, hearing, and trial transcript format guidelines. The LT will be part of an overarching strategy to effectively allocate resources while maintaining high-quality standards for delivery to our clients.

JOB DUTIES:
Commitment to adhere to Esquire’s best practices and standards for transcript production, editing, and punctuation;
For transcription assignments, transcribe audio/video recordings to produce a final transcript (or an edited draft transcript for proofreading);
Verify elements of the transcript to ensure accuracy;
Proofread transcripts of legal proceedings, to ensure accuracy by searching for any errors in grammar, legal terminology, content, and punctuation of the verbatim record;
Prepare final transcript and apply digital signatures to the transcript’s certificate pages and submit the job for production;
Perform proper backup of all files and ensure required transcription worksheets are completed and submitted when completing work on an assigned job;
Handle any returns or rejections of transcripts from the Order Management Team and Production;
Prepare and maintain all required reports, logs, and provide timely response to all received communications;
Organize work effectively and prioritize daily assignments according to deadlines and job size while remaining flexible for changes in work schedule;
Perform other duties as assigned.
REQUIRED KNOWLEDGE, SKILLS, OR ABILITIES:
Exhibit a courteous and professional demeanor with the ability to establish and maintain effective working relationships with different roles within Esquire and its independently contracted court reporters;
Knowledge of English, including grammar, punctuation, sentence structure, spelling, and vocabulary;
Knowledge of medical, legal, and technical terminology;
Skills in one or more CAT software programs preferred;
Ability to transcribe and provide a final, appropriately-formatted text file, if not working in CAT software;
Ability to identify problems, determine whether hardware or software related, and follow procedures for escalating;
Knowledge in computer backup, archival methods, and security protocols;
Familiarity with content and location of reference material, such as exhibits, dictionaries, directories, atlases, newspapers, and online library resources;
Ability to review the final transcripts to ensure consistency and accuracy in grammar, spelling, punctuation, and formatting according to the spoken word and Esquire’s Transcript Format and Transcription Style Guides;
Knowledge of and ability to use the Associated Press (AP) Stylebook as a guide on word and number usage and punctuation;
Working knowledge of court procedures and legal documents;
Excellent interpersonal, verbal and written communication, and organizational skills and possess a strong sense of discretion;
Self-motivated, focused, attentive, and detail-oriented with the ability to plan work effectively, meet the deadlines assigned, and make sound decisions;
Maintain confidentiality of reported proceedings and associated documents;
High degree of ethics and commitment to professional conduct;
Ability to work a flexible schedule, multitask, and shift priorities;
Possess problem-solving abilities to resolve challenges;
Ability to work under pressure;
Capable of taking direction from more than one supervisor;
Comfortable, collaborative, and effective working on a team;
Maintain regular and acceptable attendance while working from home;
Familiarity with computer systems and Microsoft Office Suite; and
Follow IT department’s technical requirements in the administration of reporting, scoping, and transcription duties.

EXPERIENCE QUALIFICATIONS:
At least 5 years’ experience as a legal transcriptionist;
AAERT Certification Preferred;
Proficient in the English language, ability to read and interpret documents and instructions with a good working knowledge of English grammar, punctuation, and spelling;
Conduct oneself professionally to serve the best interests of Esquire and its court reporters, and provide the highest standard of practice by keeping abreast of customs, procedures, and developments in the reporting profession by reading professional journals and supporting professional reporting associations;
Minimum touch-typing speed of 60 wpm with a high degree of accuracy; and

MEASUREMENTS OF SUCCESS
Successfully meet expectations in the performance of daily assignments;
Produce accurate and quality final transcripts for proofreading and certification in accordance to Esquire’s Transcript Format and Transcription Style Guides;
Ability to interact with coworkers and reporters in a professional manner
Exceed quality control checks on final transcripts, proofreading, final transcripts, and completion of job submission worksheets; and
Support Service Provider Relations effectively and efficiently, as needed.

WORK-FROM-HOME REQUIREMENTS:
Reliable power and internet source and appropriate battery backup;
Must be available by phone, email, and Esquire’s internal instant message system at all times during scheduled work hours;
Maintenance at your residence, scheduled or emergency, must not interfere with your ability to meet your job requirements.

PHYSICAL ENVIRONMENT AND WORKING CONDITIONS:
Ability to remain seated in one position and maintain a high level of concentration for long periods of time; and
The physical demands described herein are representative of those that must be met by an employee to successfully perform the essential functions of this job. Reasonable accommodations may be made to enable individuals with disabilities to perform the essential functions.
The above is intended to describe the general content of and requirements for the performance of this job. It is not to be construed as an exhaustive statement of essential functions, responsibilities or requirements."
Remote Doc Review 12/30,TransPerfect,"Washington, DC",$32 por hora,Full-time,"TransPerfect Is More Than Just a Job…
Our greatest asset is our people, and nothing is more important to us than ensuring that everyone knows that. Each of our 90+ offices has its own individual identity, and each also has its own unique rewards.
Project Details
Job Role: Document Reviewer
Description: TransPerfect is seeking licensed attorneys for a short-term matter
Target Start Date: Thursday, December 30th
Bar: Any US Jurisdiction
Estimated Duration: 3 months
Location: Remote
Expected Schedule: Standard business hours
Pay Rate: $32/hr.
Required Qualifications: licensed attorney barred in DC , active and in good standing; previous doc review experience, available for the duration of the project (40 hours per week).
TransPerfect provides equal employment opportunity to all individuals regardless of their race, color, creed, religion, gender, age, sexual orientation, national origin, disability, veteran status, or any other characteristic protected by state, federal, or loca"
Legal Assistant,Carlton Staffing Services,"Austin, TX 78701","$65,000 - $75,000 por año",Full-time,"DIRECT HIRE opportunity for a Legal Assistant in Austin, TX Apply today!

A law firm in Austin, TX is currently hiring an experienced Legal Assistant to join their team! In this role, the Legal Assistant will be responsible for interacting with clients on a daily basis, analyzing information, drafting correspondence, and administrative duties.
Salary: $65k - $75k annually
Benefits: Free gym access, medical, dental, vision, 401K, profit sharing, free on-site parking
The perfect Legal Assistant for our client will have:
Bachelor’s degree
Strong written and verbal communication skills
Exceptional time management skills
Ability to write with no grammatical errors

Carlton Staffing is a local staffing firm in Texas with over 40 years of experience! Our employees enjoy numerous benefits, some of which include holiday pay, loyalty bonuses, health insurance and optional 401k. Don't wait another minute! Let our knowledgeable staff assist you today, visit www.carltonstaffing.com"
ASSISTANT LEGAL COUNSEL - 56115,State of Illinois,"2815 W Washington St, Springfield, IL 62702","$8,770 - $9,998 por mes",not specified,"Agency: Teachers' Retirement System of the State of Illinois
Closing Date/Time: 03/15/2024
Salary: $8,770 - $9,998 MONTHLY
Job Type: [[cust_employmentType_obj]]
County: Sangamon
Number of Vacancies: 1

****************A RESUME IS REQUIRED FOR THIS JOB POSTING****************
Please attach a DETAILED Resume/Curriculum Vitae (CV) to the MY DOCUMENTS section of your application. You WILL NOT be considered for the position if you attach a CMS100, CMS100b or any other document that is not a Resume or CV.
Job Summary
Under supervision of the Senior Legal Counsel, provide legal review and negotiation of System-generated master agreements, vendor form contracts, and related documents to protect the interests of the System in the procurement of goods and services for System operations. Work closely with the TRS Procurement Department to maintain awareness and provide legal oversight and guidance on procurement matters. Review contract forms and templates, solicitation documents, and TRS procurement policies and procedures to align with applicable law, the highest ethical standards and fairness, and best practices for an Illinois public retirement system. Provide legal review of a broad range of contracts, including nondisclosure agreements and software licensing agreements.
The incumbent responds to matters brought to the attention of the legal department but must also proactively identify legal vulnerabilities and offer preventative guidance concerning all matters related to TRS procurement in support of management’s planning, strategy and decision making. The position requires exercise of careful judgment, discretion, and confidential treatment of sensitive information as appropriate to a given assignment or project. Limited travel may be required.
The incumbent must be a graduate of an accredited law school and hold a valid license to practice law in the State of Illinois. To foster awareness of emerging legal issues and trends, the incumbent may maintain memberships in bar and professional organizations relevant to the assigned duties.
Essential Functions
Provide legal review and advice regarding procurement of goods and services for System operations. Review and draft contracts, bid solicitations, NDAs, and other contract documentation. Negotiate System master agreements and vendor-proposed revisions to same to preserve uniformity and integrity of standard contract terms that protect the System. Negotiate vendor form contracts and modifications to minimize System risk. Coordinate with TRS Procurement Department in connection with same. Assist TRS Procurement Department with contract administration.
Develop standardized, best practice contract terms for a variety of System professional services and operational needs, including terms related to use of off-shore resources, data security, limitation of liability, indemnification etc.
Maintain familiarity with applicable law and TRS procurement policies and procedures and administrative rules, and recommend revisions as legally advised to align with best practices and to protect System interests.
Coordinate with TRS Procurement and other departments as appropriate to complete assigned duties.
Attend Procurement and Contracting Oversight Committee meetings and provided related support.
Provide backup coverage to internal counsel on other System legal matters.
Assist in departmental administrative matters.
Perform other duties as assigned or required including special projects.
Knowledge, Skills, and Abilities
Instills commitment to organizational goals
Demonstrates excellent judgement and decision making skills
Ability to work within tight timeframes and meet deadlines
Proactively approaches responsibilities
Demonstrated written and verbal communication skills
Minimum Requirements
Must be a graduate of and hold a JD from an accredited law school and be a licensed attorney in good standing in the State of Illinois.
Minimum of 3 years (preferably, 5) of progressively responsible service handling complex legal matters in a law firm, corporate legal department, or governmental agency with substantial experience in contract drafting and negotiations.
Previous experience in one or more of the following areas is strongly preferred:
Public/governmental retirement plans
Tax-qualified retirement plans
Agency contracting and procurement
IT software and service agreements
Nondisclosure agreements
Must be able to prioritize and manage numerous projects concurrently.
Work Hours: 8:30 - 4:30 M-F
Work Location: 2815 W. Washington St., Springfield, IL 62702-3397
Agency Contact: [[recruiterEmail]]
Job Family: Legal, Audit & Compliance

TRS provides retirement benefits for teachers who are employed by all Illinois public common and charter school districts located outside the city of Chicago. The Illinois Pension Code contains the laws relating to our creation, benefits, and administration.

The main form of communication will be through email. Please check your “junk mail”, “spam”, or “other” folder for communication(s) regarding any submitted application(s). You may receive emails from the following addresses:
donotreply@SIL-P1.ns2cloud.com
systems@SIL-P1.ns2cloud.com"
2024 Law Summer Associate Program,Discover Financial Services,"2500 Lake Cook Rd, Riverwoods, IL 60015",$31 por hora,Seasonal,"At Discover, you will never stop learning. We are looking for people driven by purpose, who want to help us change the game in financial services. We were founded in 1986, and now have over 16,000 employees. Together we are dedicated to helping people spend smarter, manage debt better and save more for a brighter financial future.

By joining us, you will be part of a culture where diversity, teamwork and collaboration reign. We are as focused on our employees as we are on our customers – and we have been consistently awarded for both. Be the reason we help millions of people build a brighter financial future, and achieve yours along the way.

Job Description:
At Discover be part of a culture where diversity, teamwork and collaboration reign. Join a company that is just as employee-focused as it is on its customers and is consistently awarded for both. We’re all about people and our employees are why Discover is a great place to work. Be the reason we help millions of consumers build a brighter financial future and achieve yours along the way with a rewarding career.

Law students (rising 2L) will have opportunities to participate in a variety of projects in the areas of litigation, banking, public company, contracts, consumer credit, and regulatory relations in order to get a sense of the industry and gain practical experience. Law students will also perform a variety of administrative and legal research duties to assist attorneys in the company.

The dynamic program will offer participants:
Challenging project assignments that support the Legal Organization’s priorities and objectives
Exposure to a wide range of consumer lending and banking legal issues inherent in a diversified financial services company
Cross-functional knowledge, experience, and contacts across the Legal Organization
Ongoing development training
Volunteer (Pro Bono) opportunities
Networking opportunities with Discover and its partner law firms
Access and exposure to senior leadership

Responsibilities:
Proven leadership experience
Excellent written and verbal communications skills
Excellent interpersonal, presentation, and collaboration skills
Self-motivated with ability to work independently or as part of a team
Proficient with Microsoft Office Products (Project, Excel, Word, PowerPoint)

Application Deadline: The application window for this position is anticipated to close on Mar-03-2024. We encourage you to apply as soon as possible. The posting may be available past this date, but it is not guaranteed.

Compensation: The base pay for this role is $31.00/hour. Additional incentives may be provided as part of a market competitive total compensation package. Factors, such as but not limited to, geographical location, relevant experience, education, and skill level may impact the pay for this position.

Benefits:
We also offer a range of benefits and programs based on eligibility.

To learn more, visit MyDiscoverBenefits.com .

What are you waiting for? Apply today!

All Discover employees place our customers at the very center of our work. To deliver on our promises to our customers, each of us contribute every day to a culture that values compliance and risk management.

Discover is committed to a diverse and inclusive workplace. Discover is an equal opportunity employer and does not discriminate on the basis of race, color, religion, sex, sexual orientation, gender identity, national origin, age, disability, protected veteran status, or other legally protected status. (Know Your Rights)"
Conflicts/Intake Clerk,"MANATT, PHELPS & PHILLIPS LLP","2049 Century Park East, Los Angeles, CA 90067","$55,000 - $60,000 por año",not specified,"Manatt currently has a great opportunity for a Conflicts/Intake Clerk for our Los Angeles Office. The Conflicts Clerk will be responsible for maintaining our Conflicts-Intake database, Intapp, performing conflicts checks on clients and other parties for new matters and maintaining consistency in our conflicts database, Intapp. In addition, the Conflicts Clerk will assist with processing new business intake forms. This is a great position for an entry level graduate who is looking to get into the legal field. We will train.
Essential Job Functions:
Maintain data in Intapp
Open matters in Intapp as they are approved each day
Assist with internal audits-closing old matters
Assist secretaries in preparing pre-intakes and intakes
Handle general e-mail requests from secretaries and professionals
Prepare intakes for daily review, including gathering credit reports and missing data
Follow-up with the professionals and secretaries regarding intakes and engagement letters
Update and maintain list of sample form documents for professionals
Assist with special administrative projects as needed
Qualifications:
BA Degree Required
Must be proficient in Outlook, Excel & Word
Excellent oral & written communication skills
Must be extremely detail oriented, organized and have great follow through skills
Must have the ability to work well under pressure and meet deadlines
Must be able to juggle and prioritize multiple projects
Must be able to identify and resolve problems in a timely manner
Must be able to maintain strict confidentiality
Must be able to communicate effectively with all firm employees and coordinate workflow
The base annual pay range for this role is between $55,000-$60,000. The base pay to be offered will vary and depend on skills and qualifications, experience, location and will also take into account internal equity. A full range of medical, financial and/or other benefits dependent on the position will also be offered.
EEO/AA EMPLOYER/Veterans/Disabled
Manatt is an equal opportunity employer, dedicated to a policy of non-discrimination in employment on any basis including race, color, physical or mental disability, religion, creed, national origin, citizenship status, ancestry, sex or gender (including gender identity, gender expression, status as a transgender or transsexual individual, pregnancy, childbirth, or related medical conditions), age (over 40), genetic information, past, current, or prospective service in the uniformed services, sexual orientation, political activity or affiliation, genetic or and any other protected classes or characteristic protected under applicable federal, state, or local law. Consistent with the American Disabilities Act, applicants may request accommodations needed to participate in the application process.
This employer will provide the Social Security Administration (SSA) and, if necessary, the Department of Homeland Security (DHS), with information from each new employee’s Form I-9 to confirm work authorization.
IMPORTANT: If the Government cannot confirm that you are authorized to work, this employer is required to provide you written instructions and an opportunity to contact SSA and/or DHS before taking adverse action against you, including terminating your employment.
Employers may not use E-Verify to pre-screen job applicants or to re-verify current employees and may not limit or influence the choice of documents presented for use on the Form I-9. In order to determine whether Form I-9 documentation is valid, this employer uses E-Verify’s photo screening tool to match the photograph appearing on some permanent resident and employment authorization cards with the official U.S. Citizenship and Immigration Services’ (USCIS) photograph. If you believe that your employer has violated its responsibilities under this program or has discriminated against you during the verification process based upon your national origin or citizenship status, please call the Office of Special Counsel at 1-800-255-7688 (TDD: 1-800-237-2515).

Contact
Jessi Factor
Human Resources Generalist
2049 Century Park East
Suite 1700
Los Angeles CA 90067
JFactor@manatt.com
Phone: 310.312.4172"
Attorney,Trustpoint.one,Remote,$26 por hora,Temporary,"Description
Trustpoint.one has partnered with a leading plaintiff’s class action law firm in their search for a team of junior Attorneys to assist with a claims review. This is a remote project that is estimated to last approximately one month. The junior Attorney will be responsible for duties that include:

Review of submitted claims to ensure accuracy of information
Flagging areas of missing or inaccurate information
Provide legal analysis if needed
All candidates must be able to work at a computer screen for a sustained amount of time

The qualified junior Attorney will be a graduate of an ABA approved law school and licensed to practice, in good standing, in at least one US State. Must have reliable internet service and workstation. This project offers 40 hours of work per week, on a remote basis. Hourly rate is $26.

Interested and qualified junior Attorneys are encouraged to submit a resume for immediate consideration.

Trustpoint.One provides equal employment opportunities to all employees and applicants for employment and prohibits discrimination and harassment of any type without regard to race, color, religion, age, sex, national origin, disability status, genetics, protected veteran status, sexual orientation, gender identity or expression, or any other characteristic protected by federal, state or local laws.
This policy applies to all terms and conditions of employment, including recruiting, hiring, placement, promotion, termination, layoff, recall, transfer, leaves of absence, compensation and training."
CONTRACT - Contract & Marketing Legal Review Assistant,Nintendo,"Redmond, WA",$22 - $32 por hora,Contract,"Nintendo of America Inc.
The worldwide pioneer in the creation of interactive entertainment, Nintendo Co., Ltd., of Kyoto, Japan, manufactures and markets hardware and software for its Nintendo Switch™ system and the Nintendo 3DS™ family of portable systems. Since 1983, when it launched the Nintendo Entertainment System™, Nintendo has sold more than 4.7 billion video games and more than 740 million hardware units globally, including Nintendo Switch and the Nintendo 3DS family of systems, as well as the Game Boy™, Game Boy Advance, Nintendo DS™ family of systems, Super NES™, Nintendo 64™, Nintendo GameCube™, Wii™ and Wii U™ systems. It has also created industry icons that have become well-known, household names, such as Mario, Donkey Kong, Metroid, Zelda and Pokémon. A wholly owned subsidiary, Nintendo of America Inc., based in Redmond, Wash., serves as headquarters for Nintendo’s operations in the Americas. For more information about Nintendo, please visit the company’s website at http://www.nintendo.com .
** This is a CONTRACT position
DESCRIPTION OF DUTIES:
Performs legal tasks within the specialty area under the direction of supervisor/attorney and the Program Manager, Marketing Legal Review
Coordinates the legal review and approval of Nintendo advertising, marketing materials, promotional materials, and other consumer facing communications, including, press releases, online materials, TV ads, print materials, packaging, POP, etc.
Drafts and advises business teams on basic legal documents, correspondence, forms, and reports
Organizes and maintains databases and files
Maintains direct communication with internal business teams regarding contract and clearance matters
Provides regular updates to management, attorneys, and the business about the status of contracts, renewals, and related matters, as well as creative review matters
Pursues and maintains most current knowledge of company business and technology
Assists with the development of reports and presentations about specialty areas
Provides administrative support as needed

SUMMARY OR REQUIREMENTS:
Minimum of one year of related work experience
Strong organizational and project management skills
Excellent written, verbal, and interpersonal skills
Ability to work in a fast paced environment with fluctuating priorities and deadlines
Knowledge of Nintendo products preferred
** This is a CONTRACT position
Applicants must be legally eligible to work in the United States to be considered. Visa sponsorship not available for this role.
This position is hybrid in Redmond, WA. Hybrid positions require regular onsite work following the schedule and guidelines for their division. This position is not open to fully remote status at this time.
This contract position has a base pay range of $22 - $32 per hour and is eligible for benefits through the employing agency. Agency benefits may include medical, dental and vision, 401(k), basic/supplemental life and AD&D insurance, short- and long-term disability insurance, health and dependent care spending accounts, transportation benefits, employee assistance program, paid sick leave, and up to 6 paid holidays per year. All benefits are subject to elections, eligibility requirements, plan and program terms. Benefits offerings will be confirmed at the time of offer by the employing agency, and may differ depending on the employing agency partner.
#LI-Hybrid"
Remote Doc Review 1/25,TransPerfect,"Washington, DC",$33 por hora,Full-time,"TransPerfect Is More Than Just a Job…
Our greatest asset is our people, and nothing is more important to us than ensuring that everyone knows that. Each of our 90+ offices has its own individual identity, and each also has its own unique rewards.
Project Details
Job Role: Document Reviewer
Description: TransPerfect is seeking licensed attorneys for a short-term matter
Target Start Date: Monday , January 25th
Bar: Any US Jurisdiction
Estimated Duration: 3+ weeks
Location: Remote
Expected Schedule: Standard business hours
Pay Rate: $33/hr.
Required Qualifications: licensed attorney, active and in good standing; previous doc review experience, available for the duration of the project (holidays off, but weekends open to work in order to front load hours ).
TransPerfect provides equal employment opportunity to all individuals regardless of their race, color, creed, religion, gender, age, sexual orientation, national origin, disability, veteran status, or any other characteristic protected by state, federal, or local l"
Document Reviewer,KLDiscovery,Texas,$28 por hora,Full-time,"KLDiscovery, one of the largest national eDiscovery providers, is currently seeking attorneys who are actively licensed in any U.S. jurisdiction, including recently admitted attorneys, who desire an engaging work environment where they are valued and respected. We have an ongoing need for document reviewers.
Job responsibilities include reviewing documents for complex litigation matters using an electronic review platform to code for relevancy, confidentiality, and privilege. This position is project-based and successful candidates will be considered temporary contingent employees.
This is an excellent opportunity to practice and expand your legal experience by providing valuable insight into the discovery process in different areas of litigation!
Position Details
Remote/work-from-home opportunity, reviewers must reside in one of the following states: Minnesota, Missouri, or Texas
Pay rate: $28 per hour
Duration depends on the project; opportunities vary from 1 week to 6 months; possibly longer
Flexible scheduling; must be able to commit to a minimum of 40 hours per week between 7 AM and 7 PM Monday through Thursday; 7 AM and 5 PM Friday
Overtime may be available based on individual project demands, at the discretion of the end client
Qualifications & Job Responsibilities
Bar Admission/active Attorney’s License in any US jurisdiction
Experience in electronically reviewing documents in complex litigation matters using our various review platforms including Nebula, EDR, and Relativity is preferred but not required
Experience reviewing and coding documents for responsiveness, relevancy, confidentiality, and privilege is preferred but not required
Assist with quality control, preparation of privilege, and redaction logs
High-speed internet access at the home office and either a Mac or PC with Windows 10 or newer operating system is required for remote work
Proficient in the use of modern technology, especially computers and related remote, work from home office equipment
Strong attention to detail/ability to prioritize tasks
Critical thinking skills and ability to retain complex work direction
Excellent verbal and written communication skills
What We Offer
A friendly and welcoming team-oriented environment
Opportunities for career advancement and growth
Paid sick and safe leave
Our Cultural Values
Entrepreneurs at heart, we are a customer-first team sharing one goal and one vision. We seek team members who are:
Humble - No one is above another; we all work together to meet our client's needs and we acknowledge our own weaknesses
Hungry - We all are driven internally to be successful and to continually expand our contribution and impact
Smart - We use emotional intelligence when working with one another and with clients
Our culture shapes our actions, our products, and the relationships we forge with our customers.
Who We Are
KLDiscovery provides technology-enabled services and software to help law firms, corporations, government agencies and consumers solve complex data challenges. With offices in 40+ locations across 18 countries, we deliver best-in-class eDiscovery, information governance, and data recovery solutions to support the litigation, regulatory compliance, internal investigation and data recovery and management needs of our clients.
Serving clients for over 30 years, KLDiscovery offers data collection and forensic investigation, early case assessment, electronic discovery and data processing, application software and data hosting for web-based document reviews, and managed document review services. In addition, through its global Ontrack Data Recovery business, KLDiscovery delivers world-class data recovery, email extraction and restoration, data destruction and tape management in the US and around the globe. We are the pioneers of many tools and techniques used in the data recovery industry today.
KLDiscovery has been recognized as one of the fastest growing companies in North America by both Inc. Magazine (Inc. 5000) and Deloitte (Deloitte’s Technology Fast 500) and CEO Chris Weiler was, recognized as a 2014 Ernst & Young Entrepreneur of the Year™. Additionally, KLDiscovery is an Orange-level Relativity Best in Service Partner, a Relativity Premium Hosting Partner, and maintains ISO/IEC 27001 Certified data centers.
KLDiscovery is an Equal Opportunity Employer."
Conflicts Specialist,Holland & Knight LLP,Remote,$28.50 - $42.70 por hora,Full-time,"We are a Firm where people truly believe in what they do and strive to achieve the highest standards of performance and success.

Description:
The Conflicts Specialist will use uniform criteria, standards, and procedures to run conflict reports and prepare conflict summaries.
Key Responsibilities Include:
Review new matter memos for accuracy and completion.
Search all relevant and necessary parties in the firm's conflicts database.
Review conflict of interest reports and prepare summaries based on the actual and potential conflicts of interest identified.
Provide summaries to requesting attorneys, and respond to any questions.
Adhere to all firm and department policies and procedures related to searching, reviewing conflict reports, and preparing summaries.
Assist with keeping all shared documents current and accurate.
Assist with training and mentoring Conflicts Clerks as required.
Special projects and additional duties as assigned.
Qualifications:
A total of 0-3 years legal experience, preferably with large law firm Conflicts.
Excellent communication, interpersonal, and organizational skills.
Ability to work independently and effectively, under pressure, with minimal direct supervision.
Ability to exercise the appropriate amount of discretion in escalating and communicating issues.
Ability to manage multiple projects with competing deadlines and priorities.
Strong analytical and problem solving skills, with excellent attention to detail.
Strong research, computer, and database skills.
Ability to effectively train and mentor Conflicts Clerks.
Minimum Education:
Bachelor's Degree. Juris Doctor preferred.
This position may be filled in New York, Colorado or California. In accordance with the New York State Pay Transparency Law, New York City Human Rights Law, the Colorado Equal Pay Act, and the California Pay Transparency Law, the pay range for this position in New York State is $27.10 - $48.80/hour, in New York City is $32.60 - $48.80/hour, in Colorado is $28.50 - $42.70/hour, and in California is $31.20 - $50.90/hour. These ranges are specific to these locations and may not be applicable to other locations. An individual's actual compensation will depend on the individual's qualifications and experience.
Benefits: Our goal is to promote a work environment in which individuals have access to the resources they need to be at their best both professionally and personally, which includes resources that encourage individuals to focus on their health and well-being. Below is a list of just some of the benefits we offer: generous paid time off; eleven paid holidays per year; time off for bereavement or jury duty; paid leave for new parents; comprehensive medical (PPO and HDHPs), dental and vision plans including coverage for domestic partners; life and AD&D insurance; short and long term disability insurance; tax-advantaged accounts for health care expenses, including FSA or HSA; FSA for dependent care; supplemental AFLAC policies for medical care; excess liability coverage; health advocacy services; behavioral health and counseling resources for all family members; 401(k); profit sharing; pre-tax transit and parking program; backup care for children and adults; senior care planning support; and resources for individuals with development disabilities and their caregivers.
Benefits may vary by position and office.
Holland & Knight is committed to hiring and retaining a diverse workforce. We are proud to be an Equal Opportunity Employer, making decisions without regard to race, color, religion, gender, gender identity or expression, sexual orientation, national origin, genetics, disability status, age, marital status, protected veteran or any other protected class.
Personal Information collected from applicants will be used for the purpose of processing the application throughout any recruitment or employment process, as well as inclusion in a personnel file. Categories of data collected may include name, address, phone numbers, email, Social Security Number, and signature. Holland & Knight may collect further information if you consent to a background check. This includes criminal background, employment, and certifications. Please visit
Legal Information
Portal for Holland & Knight LLP’s privacy policies."
"Paralegal (Full Time, Remote)",NowThis,Remote,"$67,000 - $77,000 por año",Full-time,"Remote
Work Type: Full Time
Position: Paralegal (Full Time, Remote)
Organization: Accelerate Change
Reports to: Director of the Executive Office
Direct Reports: N/A
Location: Full-time, 100% remote position (from home or co-working space) with occasional travel once every 2-3 months
COVID-19: We take Covid-19 safety very seriously. Employees must follow our Covid safety protocols and be fully vaccinated and boosted. Accommodations are provided to the extent required by law. For employees based in the state of Florida and Texas, the COVID-19 vaccine is encouraged but not required due to Florida and Texas law.
About Accelerate Change

Founded in 2012, Accelerate Change is a nonprofit (c3/c4) digital media lab. We work to increase civic engagement with BIPOC and low-income communities through digital media. Our programs include:

Scaling emerging cultural media properties
Investing in established cultural media properties
Building influencer networks
Leading a digital media lab
Driving civic engagement campaigns

Learn more about our theory of change, approach, and impact at https://acceleratechange.org/about/

Our team is made up of digital media innovators and operators who bring a mix of tech, business, civic engagement, and media backgrounds. Meet our team and learn more about our culture at https://acceleratechange.org/values-team/
About the Position

Accelerate Change is seeking a Paralegal to manage the advertising sales contract process for NowMedia.

NowMedia is the largest mission media network in the United States and includes NowThis, PushBlack, ParentsTogether, Noticias para Inmigrantes, Impact, and Pulso, as well as our extensive networks of influencers and celebrities. NowMedia is a new media umbrella that reflects the addition of NowThis to the Accelerate Change media network.

This position is a great fit for a self-motivated, highly organized multitasker who possesses a sophisticated attention to detail and excellent communication and people skills. As the lead on the contracting process for NowMedia and as a close partner to our sales team, the Paralegal will make a direct impact on our mission-driven media network’s revenue and financial sustainability.
.
Here’s what you could expect to do as the Paralegal (key responsibilities):

Manage the advertising sales contract and negotiation process for NowMedia
Facilitate and lead a high volume of communications via email and/or virtual meetings to discuss specific deal terms
Facilitate and implement updates to the contract and comparisons showing changes between contract versions for each deal based on the negotiation
Manage all of the above across many stakeholders (the sales team and legal counsel for NowMedia and the advertiser’s legal team and business team)
Coordinate closely with legal counsel and the NowMedia sales team on legal considerations and business considerations for the contract negotiations
Project manage all of these above, given the tight timeline to get sales contracts signed expediently
Facilitate and manage the deal signing process
Track and/or notify all of the relevant stakeholders that the deal has been closed, key terms, etc., as needed
Support other Accelerate Change contract negotiation processes, contract-related projects, and other initiatives as needed

We’ll also look for the Paralegal to:

TBD. As part of a rapidly growing organization, you’ll need to embrace change and that your responsibilities will shift over time. Pitching in to help with the needs of your department and the overall Central Team is an important part of your role.
Help advance our goal of becoming an anti-racist organization. Within your role, apply equitable work practices, challenge white supremacy, and help make our programs more inclusive. Center our understanding that multiple systems of oppression intersect with racism and be an active part of our values work.
Serve as a resource to our networks of partners. Help amplify partner successes, make connections between partners and facilitate learning sharing, and offer your expertise to partners in our networks wherever it makes sense.
Take an entrepreneurial approach to their work and learning new skills. In our fast-paced, unstructured environment, we love it when staff first try to figure things out on their own and then ask for help if they’re stuck.
Seek out opportunities to deepen their skills on current/emerging platforms and with lean startup methodology. We take an individualized approach to growth where staff have the chance to explore and propose development opportunities that align with their interests and the team’s priorities.
What We’re Looking For

Commitment to social change. Accelerate Change is a progressive workplace focused on civic engagement with BIPOC and low-income communities. You have a demonstrated commitment to this work and you’d like to be part of a team of people who do, too.
4+ years experience with key responsibilities: We’re looking for someone who has at least 4 years of experience with paralegal responsibilities, ideally managing media advertising sales contracts and negotiation processes, or similar relevant work.
Stakeholder management: You are resourceful, detail-oriented, and experienced in communicating with diverse internal and external stakeholders within a complex organizational structure. You are also experienced in juggling multiple priorities and projects at once and keeping key stakeholders updated about the status of each.
Error-free work: You take pride in delivering error-free work and you have a track record of doing it well.
Interest in digital media: You are interested in the power of digital media for organizing and social change. You regularly engage - personally or professionally - with many of the following and are interested to learn more about Accelerate Change’s work with others on this list: TikTok, YouTube, Instagram, Facebook, Facebook Messenger, Facebook and Instagram Ads, podcasts, streaming show
Benefits

$67,000 - $77,000 salary range, with exact salary depending on experience and new staff rarely starting at the top of the range.
Flexibility for work and life: Unlike a lot of places, we actually believe that people should only work 40 hours each week, except for occasional sprints that require more time in a week. We also trust everyone to make a schedule that works for them, as long as you’re able to join all necessary meetings. Want to work more one day and less the next? Fine by us. Work better in the middle of the night than during the afternoon? Go for it. Need to shift your hours to be able to pick up your kid from school? All good.
Health care after 3 months, with individual premiums fully covered and cost-share for dependents. Vision and dental plans are available at-cost to the individual.
15 paid vacation days, 6 paid holidays, 3 paid floating holidays each year and 7.5 paid sick days each year
Professional development funds, with renewal of funds each fiscal year
Cell phone and internet reimbursement (or co-working reimbursement): We acknowledge that working from home requires using your own internet and phone for work purposes so we offer a set reimbursement amount for cell phone and internet usage. If working from home isn’t for you, we also have the option for folks to rent a co-working space and get reimbursed for their monthly costs.
Need-based educational loan assistance after 3 months
401(k) plan after one year, with 100% employer match on the first 3% and 50% employer match on the next 2%
Annual office closure during the last week in December

Apply

To apply, please upload your resume and tell us more about your experience on the application on our website.

Accelerate Change is an equal opportunity employer. We believe that people of color, people from working class backgrounds, women, and LGBTQIA+ people must be centered in the work we do. Hence, we strongly encourage applications from people with these identities or who are members of other marginalized communities."
